Unnamed: 0,demo_id,demo_round_id,round_start_tick,weapon_fire_id,team,detonation_raw_x,detonation_raw_y,detonation_raw_z,throw_from_raw_x,throw_from_raw_y,throw_from_raw_z,throw_tick,detonation_tick,TYPE,map_name,LABEL
154,5375,49646,128998,7072095,CT,-173.489,-1799.93,-165.96900000000005,-1205.50134277344,-1270.34985351562,-167.96875,5938,6330.0,smoke,de_mirage,False
119,645,42494,370398,6024227,CT,1619.79,51.9782,130.22299999999998,1204.95581054688,359.96875,128.03125,9969,10175.0,smoke,de_inferno,True
324,5506,53109,287604,7560534,CT,478.915,-1670.35,-261.969,71.0963821411133,-1560.06433105469,-175.162139892578,3126,3434.0,smoke,de_mirage,True
258,5452,51785,373154,7374484,T,721.294,2858.28,127.947,126.81829833984399,1601.63317871094,113.03125,10927,11579.0,smoke,de_inferno,True
313,5448,51678,253901,7359517,T,317.957,-215.87099999999998,-162.082,363.83645629882795,14.448089599609402,-207.428039550781,2935,3161.0,flashbang,de_mirage,False
68,5488,52767,259270,7517410,CT,1137.68,490.969,107.62100000000001,1632.5905761718802,-81.93882751464841,131.027938842773,4531,4789.0,smoke,de_inferno,True
70,5596,55589,305379,7903156,T,1182.56,30.6128,632.481,478.119293212891,-32.1471939086914,75.7677841186523,3727,3953.0,flashbang,de_inferno,False
345,766,40468,231253,5719280,T,1370.17,-26.4223,-165.99200000000005,1392.81481933594,13.059906005859402,-152.183731079102,1574,1910.0,smoke,de_mirage,False
144,5648,56959,115032,8094596,CT,503.714,-526.212,301.807,247.061096191406,321.311676025391,-257.822967529297,2530,2752.0,flashbang,de_mirage,True
198,643,42231,544400,5981221,CT,-2025.85,766.7180000000003,-45.9688,-1111.63061523438,653.6915283203119,-79.96875,5243,5395.0,molotov,de_mirage,True
137,5559,54533,120968,7753208,CT,1502.59,138.29399999999998,402.80199999999996,803.8916625976559,631.288269042969,98.7539749145508,5592,5808.0,molotov,de_inferno,False
50,644,44412,312917,6303052,T,637.466,2104.31,333.957,535.993591308594,3100.07250976562,206.03125,8556,8780.0,flashbang,de_inferno,True
258,5506,53112,331281,7561061,T,-1829.25,303.608,-165.96900000000005,-1478.62756347656,402.847229003906,-167.96875,14256,14462.0,smoke,de_mirage,True
262,5506,53101,181219,7559548,CT,-629.814,-1595.24,-165.96900000000005,592.004211425781,-1200.00341796875,-219.396575927734,4553,5745.0,smoke,de_mirage,True
79,4244,31291,390403,4360637,T,-741.175,-964.071,-165.99,-30.504590988159197,-422.560394287109,-167.96875,5911,6145.0,smoke,de_mirage,True
284,5644,56862,233811,8079027,CT,439.467,1993.66,130.031,157.99703979492202,953.069580078125,77.81690979003909,2772,2986.0,molotov,de_inferno,False
278,5596,55593,372947,7903814,CT,837.5219999999997,2485.07,142.144,1160.58520507812,2772.97045898438,127.84991455078101,3979,4187.0,smoke,de_inferno,True
88,5596,55577,114459,7901459,CT,1508.13,59.7694,130.031,2602.30395507812,-200.400924682617,84.03125,11374,11788.0,smoke,de_inferno,True
263,5596,55588,287225,7903023,T,1498.46,963.33,149.592,1212.47412109375,467.460693359375,114.671020507812,10682,10888.0,smoke,de_inferno,False
244,766,40472,276467,5719828,CT,87.0149,-972.421,472.54,-417.21652221679705,-2234.72241210938,-173.02513122558602,2424,2648.0,flashbang,de_mirage,True
116,5644,56853,82079,8077423,CT,431.417,1988.59,130.031,157.996765136719,922.0455932617192,79.4028854370117,4494,4710.0,molotov,de_inferno,True
161,676,42332,116977,5999032,CT,-624.615,-1317.42,245.19400000000002,306.31927490234403,-45.3001022338867,-186.580841064453,2806,3026.0,flashbang,de_mirage,False
96,5559,54534,140023,7753516,CT,372.941,2285.1,397.231,1130.00268554688,2796.36376953125,128.01565551757798,5272,5496.0,flashbang,de_inferno,True
153,5649,56983,20865,8098163,T,-1389.34,687.378,-77.9739,-2415.96875,-115.756881713867,-155.660446166992,8860,9276.0,smoke,de_mirage,True
271,644,44399,154745,6300787,T,712.553,2313.0,138.958,123.493461608887,2846.66674804688,160.03125,6624,6882.0,smoke,de_inferno,True
101,644,44387,16631,6298085,CT,1198.99,438.92400000000004,114.462,1558.1711425781198,1211.45275878906,162.204528808594,3283,3593.0,smoke,de_inferno,True
232,5564,54654,101375,7770845,T,-230.0,-509.07099999999997,-164.891,1422.99951171875,70.99888610839841,-112.90266418457001,2196,2872.0,smoke,de_mirage,True
169,5644,56853,82079,8077412,T,1211.26,-88.4538,258.031,-375.959716796875,-176.596649169922,15.5378513336182,2464,2714.0,molotov,de_inferno,True
309,5453,51790,28661,7375287,T,-2389.26,-84.9033,-162.77200000000005,-1959.9255371093798,274.923980712891,-159.96875,9672,9844.0,molotov,de_mirage,False
331,5649,56999,282815,8100338,CT,-635.369,-1263.16,-165.96900000000005,-757.1796264648441,-1315.98303222656,-167.96875,9250,9456.0,smoke,de_mirage,True
342,5158,46319,281030,6575442,T,108.021,1317.15,95.4187,273.96875,1304.3046875,106.03125,3651,3695.0,smoke,de_inferno,False
338,5158,46307,90876,6573300,CT,1219.31,435.944,117.54899999999999,1401.08239746094,-81.7546844482422,130.03125,10400,10623.0,flashbang,de_inferno,True
8,5564,54656,125391,7771062,CT,-724.062,-990.055,-215.96900000000002,-601.996765136719,-1324.91479492188,-167.96875,8336,8416.0,smoke,de_mirage,True
158,5452,51785,373154,7374495,CT,471.094,2537.47,162.031,498.96875,2444.03125,160.03125,11955,12191.0,smoke,de_inferno,False
320,5596,55589,305379,7903197,T,1347.85,233.354,127.096,1353.62902832031,353.86569213867205,126.90704345703101,4663,4695.0,smoke,de_inferno,False
46,5651,57059,282707,8108480,T,2273.4,852.2310000000001,155.151,2022.59228515625,573.415954589844,160.03125,8574,8832.0,smoke,de_inferno,True
38,5454,51834,225957,7381444,T,-206.517,-506.996,-165.993,1422.91943359375,-248.03125,-167.96875,6028,6756.0,smoke,de_mirage,False
231,5448,51680,284252,7359779,CT,-966.095,-549.953,-285.969,1383.63977050781,25.6663703918457,-165.633834838867,2373,3127.0,smoke,de_mirage,False
354,5506,53099,158037,7559260,T,-1442.16,411.69699999999995,-165.96900000000005,494.701721191406,582.168701171875,-121.68815612792999,2477,3669.0,smoke,de_mirage,True
201,5668,57538,345412,8174765,T,-125.87799999999999,1474.39,533.224,-669.781311035156,594.9820556640619,-18.2974166870117,2860,3086.0,flashbang,de_inferno,True
110,5596,55588,287225,7903024,T,976.2189999999999,2685.02,129.94799999999998,110.81603240966801,1569.626953125,132.013870239258,10760,11332.0,smoke,de_inferno,True
211,5564,54655,113811,7770955,T,-1152.83,-628.83,-165.96900000000005,1422.70764160156,34.8305816650391,-165.658248901367,2172,3056.0,smoke,de_mirage,True
243,5648,56975,331353,8096925,CT,-260.31,-1923.61,447.685,888.8561401367191,-1075.57250976562,-261.65826416015597,6406,6630.0,flashbang,de_mirage,True
19,5454,51834,225957,7381466,CT,-1228.71,-647.6419999999998,-167.96900000000005,-1120.00378417969,-456.016937255859,-167.96875,7504,7556.0,smoke,de_mirage,True
86,5564,54649,34232,7770334,T,-920.7189999999999,518.3580000000002,-80.7411,-1710.97351074219,-1208.00158691406,-246.128005981445,2496,3664.0,smoke,de_mirage,True
360,5448,51681,294216,7359896,CT,-1527.12,503.86300000000006,358.159,-272.450927734375,605.488525390625,-80.53619384765621,3548,3772.0,flashbang,de_mirage,True
154,5596,55583,206904,7902243,CT,1527.06,937.816,148.385,2320.75244140625,1189.16552734375,166.33874511718798,8901,9161.0,smoke,de_inferno,True
347,5559,54534,140023,7753507,T,176.06400000000005,1949.01,576.268,222.230911254883,1202.00549316406,102.17196655273399,4372,4596.0,flashbang,de_inferno,True
122,5500,53081,156306,7557002,CT,-51.1518,843.12,49.7753,396.877197265625,1912.43542480469,129.059585571289,5675,5987.0,smoke,de_inferno,True
312,5649,57020,591119,8103321,T,-697.701,-1232.44,-165.96900000000005,93.9938507080078,-2285.79663085938,-39.96875,5279,5771.0,smoke,de_mirage,True
256,4244,31291,390403,4360530,CT,-2243.1,856.5010000000003,-25.9688,-2364.03442382812,808.3931274414059,-80.25892639160159,3567,3773.0,smoke,de_mirage,True
259,5488,52756,104552,7516266,T,2214.1,-289.57099999999997,246.852,1355.73986816406,233.248229980469,127.453979492188,13455,13675.0,flashbang,de_inferno,True
115,596,42760,238386,6066922,T,481.041,3126.99,162.031,295.9599609375,1565.33154296875,114.08847045898399,6574,7274.0,smoke,de_inferno,True
175,5596,55592,356057,7903627,CT,-162.016,1351.56,605.55,-656.03125,495.992279052734,-19.396587371826197,3325,3549.0,flashbang,de_inferno,False
113,788,42602,138005,6040230,T,2451.31,-135.328,86.0312,1701.2409667968802,41.5968246459961,128.523025512695,13707,13911.0,molotov,de_inferno,True
204,5668,57518,39468,8171749,T,-118.81299999999999,857.082,36.1277,320.072418212891,467.517639160156,81.2351989746094,3958,4166.0,smoke,de_inferno,False
67,752,40440,331797,5714733,CT,390.275,683.28,-257.969,496.273101806641,679.998474121094,-135.96875,5966,6668.0,smoke,de_mirage,False
32,5648,56958,102693,8094476,T,-1328.29,723.258,-68.8469,-2051.9609375,783.9795532226559,-47.96875,6144,6368.0,flashbang,de_mirage,True
14,5448,51680,284252,7359860,CT,-1169.67,-620.862,-165.96900000000005,-45.001155853271506,-447.222991943359,-167.812744140625,5289,5679.0,smoke,de_mirage,True
350,5506,53096,112086,7558932,CT,-2334.68,101.77799999999999,-165.96900000000005,-2271.10400390625,-573.983337402344,-167.96875,15321,15603.0,smoke,de_mirage,True
126,4244,31291,390403,4360614,T,321.574,-1484.41,-173.96900000000005,-879.978515625,-2263.99975585938,-171.085266113281,4823,5289.0,smoke,de_mirage,True
310,5506,53115,377890,7561333,CT,74.8319,-2253.25,-37.9688,-308.402618408203,-1505.74133300781,-164.11373901367202,5904,6136.0,smoke,de_mirage,True
107,5453,51790,28661,7375300,T,-1863.15,-628.8580000000002,-165.96900000000005,-2029.62585449219,242.596115112305,-159.96875,11340,11524.0,molotov,de_mirage,True
276,5564,54666,233917,7772342,CT,-700.404,-822.929,-174.165,289.491119384766,-162.29275512695298,-166.65158081054702,5398,5626.0,flashbang,de_mirage,True
246,5648,56958,102693,8094547,CT,-627.194,-1478.91,323.387,-783.841552734375,-344.075317382812,-167.96875,9596,9820.0,flashbang,de_mirage,True
213,5564,54672,308715,7773161,T,-2073.27,519.306,-165.96900000000005,-1776.15087890625,-663.187683105469,-167.96875,18430,18642.0,molotov,de_mirage,False
277,766,40472,276467,5719835,CT,-737.1489999999999,-491.792,703.955,-1945.86437988281,-48.1382942199707,-165.96875,2888,3112.0,flashbang,de_mirage,True
224,5798,61173,132850,8695174,T,1542.24,56.8473,193.425,1428.78479003906,189.480285644531,136.48205566406202,9007,9229.0,flashbang,de_inferno,False
58,5649,56999,282815,8100275,CT,-610.71,-877.607,-253.96900000000002,-752.163818359375,-1474.9782714843802,-167.96875,3944,4150.0,smoke,de_mirage,True
182,651,42557,311238,6034056,T,-1152.84,-631.597,-165.96900000000005,1422.728515625,34.8305854797363,-165.658248901367,2178,3064.0,smoke,de_mirage,True
348,5375,49664,387684,7074537,T,-1061.36,-1403.45,-168.34099999999995,37.4550437927246,-1649.34326171875,-167.96875,6342,6580.0,molotov,de_mirage,False
78,596,42745,58675,6063997,T,1470.53,754.622,140.433,798.5591430664059,346.376403808594,87.39236450195308,5174,5434.0,smoke,de_inferno,False
304,5564,54654,101375,7770910,CT,245.834,-1520.61,-173.96900000000005,-1119.97595214844,-1527.0537109375,-156.073532104492,9888,10428.0,smoke,de_mirage,True
352,645,42494,370398,6024136,T,-13.2019,1426.31,102.855,1263.40222167969,2981.90502929688,135.901748657227,7269,8025.0,smoke,de_inferno,False
139,5452,51764,79414,7371339,CT,194.063,1089.22,98.3285,816.2920532226559,2298.63549804688,137.554336547852,3075,3491.0,smoke,de_inferno,True
89,651,42538,91375,6031211,T,209.578,-311.337,-85.8666,-543.9456787109381,-723.2776489257809,-255.852737426758,3499,3721.0,flashbang,de_mirage,True
287,5647,56949,470570,8093129,T,2011.45,-157.281,258.031,1782.193359375,-307.568756103516,256.03125,7819,8027.0,smoke,de_inferno,True
44,5506,53096,112086,7558893,CT,-994.659,-1476.48,-165.96900000000005,422.7785339355471,350.823089599609,-247.396575927734,9789,10643.0,smoke,de_mirage,True
111,752,40430,218097,5713056,CT,-782.612,-637.524,-97.9785,-1153.23559570312,-774.9869995117191,-167.96875,2522,2744.0,flashbang,de_mirage,True
52,5488,52762,175019,7516802,T,79.562,2109.89,490.76800000000003,125.26919555664101,951.6503295898441,77.1947860717773,2687,2909.0,flashbang,de_inferno,True
8,5596,55589,305379,7903176,CT,436.81699999999995,2213.56,336.9840000000001,860.1215209960941,2114.5908203125,157.17936706543,4353,4577.0,flashbang,de_inferno,True
249,5564,54649,34232,7770438,T,-1908.58,-252.607,-161.969,-1570.11865234375,-182.345840454102,-164.02001953125,10134,10342.0,smoke,de_mirage,True
251,5564,54661,177632,7771671,T,-680.3939999999999,-1638.25,-169.96900000000005,1239.9853515625,-1128.08032226562,-245.066345214844,6536,7420.0,smoke,de_mirage,False
236,5375,49656,259569,7073415,T,-524.043,-513.414,-27.2756,-1023.1426391601601,236.15576171875,-172.599411010742,5206,5434.0,flashbang,de_mirage,True
293,5644,56861,215498,8078884,T,49.8799,2585.69,160.031,875.639526367188,2460.85083007812,145.03125,11083,11357.0,molotov,de_inferno,True
185,5648,56974,309626,8096793,T,-876.22,-1477.77,-165.96900000000005,814.98974609375,-1525.2058105468802,-108.96875,18694,19446.0,smoke,de_mirage,False
31,5506,53109,287604,7560538,T,-696.29,-654.8480000000002,-269.668,-780.400146484375,-1479.24377441406,-167.96875,3430,3738.0,smoke,de_mirage,False
157,5596,55592,356057,7903621,CT,-164.872,1362.15,590.935,-656.03125,495.992279052734,-21.6582546234131,2887,3111.0,flashbang,de_inferno,False
112,5452,51766,113535,7371657,T,772.946,2239.25,137.83700000000002,400.028564453125,3566.00317382812,160.03125,5176,5616.0,smoke,de_inferno,True
136,5596,55593,372947,7903868,T,1404.92,762.518,136.14600000000002,777.3007202148441,365.32327270507795,87.5787811279297,9413,9673.0,smoke,de_inferno,True
121,5452,51779,297123,7373759,CT,785.029,2150.93,138.017,446.723541259766,3382.20361328125,160.03125,11464,11912.0,smoke,de_inferno,False
295,5649,57020,591119,8103279,CT,-234.238,-510.47900000000004,-164.46099999999996,1422.99609375,70.99351501464841,-112.90266418457001,2813,3487.0,smoke,de_mirage,True
196,643,42230,533591,5981015,T,-458.85400000000004,353.61300000000006,-137.55700000000002,-54.35811614990229,819.163208007812,-135.96875,2950,3174.0,flashbang,de_mirage,True
311,5488,52756,104552,7516162,T,525.14,1922.6,131.873,44.5354080200195,886.376586914062,69.8366851806641,2695,2961.0,molotov,de_inferno,True
99,5564,54666,233917,7772274,T,614.611,-743.9019999999997,459.80400000000003,260.75042724609403,111.92235565185499,-227.618759155273,2812,3036.0,flashbang,de_mirage,True
343,596,42757,199026,6066206,T,96.9867,962.904,78.1197,622.867431640625,2113.7939453125,135.54118347168,3515,3931.0,smoke,de_inferno,True
73,5564,54666,233917,7772371,CT,-1545.96,-2460.91,266.406,-1692.5017089843802,-1707.73767089844,-264.13665771484403,12690,12914.0,flashbang,de_mirage,True
300,5488,52762,175019,7516801,T,1004.3,-98.7474,656.4780000000002,1370.03125,867.0978393554691,145.45706176757798,2679,2901.0,flashbang,de_inferno,True
302,5596,55582,187969,7902044,CT,676.9019999999998,2020.35,133.612,-656.006408691406,457.271240234375,-29.0050773620605,6707,7357.0,smoke,de_inferno,True
175,5453,51801,182943,7376736,T,-644.717,-1189.22,-165.96900000000005,62.197582244873,-2226.36328125,-39.96875,6848,7368.0,smoke,de_mirage,True
44,5488,52767,259270,7517465,CT,2469.62,-155.761,84.0312,2487.95336914062,-142.271102905273,84.03125,9399,9421.0,smoke,de_inferno,True
101,4244,31259,24496,4355151,T,50.7111,-2214.25,-37.991,-427.095367431641,-2106.80200195312,-179.96875,3076,3362.0,smoke,de_mirage,True
68,5564,54654,101375,7770859,CT,-795.413,-2041.05,-177.96900000000005,1239.99938964844,-1023.9916381835899,-254.39875793457,4132,4788.0,smoke,de_mirage,True
128,5649,56993,187085,8099413,CT,-1075.13,360.735,114.031,1399.76989746094,-361.871337890625,-165.658248901367,13476,14202.0,smoke,de_mirage,True
114,5647,56923,45789,8088260,CT,973.7410000000001,2700.33,129.878,110.81409454345699,1569.6279296875,132.013717651367,8874,9418.0,smoke,de_inferno,True
132,5158,46315,231073,6574645,CT,984.711,2645.1,132.345,-798.548828125,517.287048339844,-30.069147109985398,2465,3269.0,smoke,de_inferno,False
184,5452,51769,158792,7372281,T,2291.12,847.5419999999997,154.695,2633.9755859375,-473.917114257812,95.7607803344727,15365,16089.0,smoke,de_inferno,True
5,5158,46307,90876,6573217,T,1060.25,294.166,518.51,1505.0830078125,1016.01098632812,154.168029785156,2560,2783.0,flashbang,de_inferno,False
281,5648,56958,102693,8094544,T,-666.5110000000002,-1289.09,-15.5841,89.2300491333008,-2273.46899414062,-39.96875,9084,9308.0,flashbang,de_mirage,True
185,5452,51785,373154,7374480,CT,1229.73,482.658,117.09200000000001,1574.8898925781198,1205.44519042969,162.170471191406,6083,6319.0,smoke,de_inferno,True
133,5559,54533,120968,7753174,T,1196.56,44.306999999999995,258.031,-481.957397460938,-173.173629760742,9.43702125549316,3016,3280.0,molotov,de_inferno,True
358,643,42231,544400,5981249,T,65.3963,-1505.59,-173.96900000000005,-63.0473480224609,-1483.97204589844,-120.90779113769501,7711,7873.0,molotov,de_mirage,False
310,5668,57540,369478,8175005,CT,152.19899999999996,1116.66,88.0034,707.6174926757809,2116.255859375,136.03125,3218,3582.0,smoke,de_inferno,True
104,5452,51769,158792,7372262,CT,767.4760000000001,2311.68,137.392,1026.50952148438,2781.96875,128.024108886719,11285,11517.0,smoke,de_inferno,True
152,5546,54180,196348,7701203,CT,319.47,1894.02,127.463,37.5612297058105,865.5481567382809,68.31337738037111,4241,4411.0,molotov,de_inferno,True
120,5649,57010,449013,8102121,CT,34.2161,-1653.27,-165.96900000000005,-31.916282653808604,-1418.01477050781,-167.96875,3953,4071.0,molotov,de_mirage,False
90,5453,51802,191752,7376839,T,-1109.3,-2529.04,-165.96900000000005,43.5263252258301,-1517.41784667969,-173.92121887207,8092,8320.0,molotov,de_mirage,True
206,5375,49644,108244,7071824,CT,364.869,-789.7769999999997,102.988,284.074188232422,290.933715820312,-262.168090820312,2752,2976.0,flashbang,de_mirage,True
51,5644,56862,233811,8079163,T,2282.59,804.798,152.037,2077.33422851562,-268.892364501953,92.03125,10502,10866.0,smoke,de_inferno,True
59,5452,51764,79414,7371468,CT,466.449,3174.52,162.031,110.831741333008,1569.59362792969,132.03125,7851,8551.0,smoke,de_inferno,True
82,5649,57007,395011,8101694,T,726.8810000000003,-1530.35,-196.96099999999998,1135.16528320312,-1150.63708496094,-256.134002685547,9798,10020.0,flashbang,de_mirage,True
11,5453,51802,191752,7376898,CT,-821.712,-2405.29,-169.96900000000005,152.935958862305,-1671.99072265625,-167.96875,12720,12972.0,molotov,de_mirage,True
222,5564,54665,226941,7772151,CT,-892.988,573.967,-82.72200000000002,-1682.5378417968802,-1485.21838378906,-256.610595703125,2168,3024.0,smoke,de_mirage,True
353,5448,51678,253901,7359578,T,193.584,-2019.08,761.5219999999997,777.950317382812,-1085.36108398438,-254.984085083008,9445,9669.0,flashbang,de_mirage,True
7,643,42231,544400,5981247,CT,-53.7275,-1840.27,-165.96900000000005,214.785736083984,-1496.85986328125,-175.96875,7453,7675.0,molotov,de_mirage,True
355,5453,51799,155382,7376472,CT,-1132.18,-2538.29,-165.96900000000005,-312.10894775390597,-1724.72180175781,-167.96875,5824,6052.0,molotov,de_mirage,False
134,5448,51681,294216,7359983,T,-333.96,-2059.56,-169.91,-224.788665771484,-1639.7421875,-167.96875,7286,7512.0,flashbang,de_mirage,False
52,5506,53109,287604,7560548,T,-602.321,-1088.24,-197.96900000000002,-453.04568481445295,-649.3165283203119,-274.88214111328097,5814,6124.0,smoke,de_mirage,True
34,5448,51675,211856,7359069,CT,-2356.68,-257.871,-165.96900000000005,-1622.06164550781,-41.63624954223629,-168.940780639648,5321,5443.0,molotov,de_mirage,False
36,5647,56949,470570,8093152,CT,1038.01,2744.71,129.366,340.23724365234403,1652.2529296875,122.03125,12287,12911.0,smoke,de_inferno,True
134,596,42744,45262,6063722,CT,522.734,2110.02,135.716,113.307716369629,1022.75762939453,78.6338348388672,4100,4356.0,molotov,de_inferno,True
226,5564,54672,308715,7773085,CT,-2353.34,798.88,-78.7011,-1119.80883789062,654.995422363281,-79.96875,10639,10831.0,molotov,de_mirage,True
143,5648,56971,263802,8096327,CT,-656.421,-1374.7,-165.96900000000005,360.03536987304705,-691.985961914062,-162.496780395508,10089,10973.0,smoke,de_mirage,True
345,5596,55589,305379,7903155,CT,2293.07,707.7260000000001,148.675,272.03125,644.001953125,24.6034107208252,3519,4165.0,smoke,de_inferno,True
259,752,40430,218097,5713055,CT,592.316,-580.9580000000002,392.639,258.35394287109403,268.97052001953097,-261.830474853516,2488,2710.0,flashbang,de_mirage,True
51,5375,49656,259569,7073406,CT,-73.1435,-928.2310000000001,411.167,-782.108032226562,-2257.89013671875,-177.59436035156205,2868,3094.0,flashbang,de_mirage,True
85,5668,57538,345412,8174769,CT,-125.87799999999999,1474.39,533.238,-669.781311035156,594.9820556640619,-18.283555984497106,3108,3333.0,flashbang,de_inferno,True
227,644,44398,142122,6300409,T,388.404,1949.17,130.031,58.115962982177706,897.387084960938,72.5357131958008,2589,2747.0,molotov,de_inferno,True
288,5375,49658,291818,7073695,CT,-530.4540000000002,-507.647,8.47176,-1015.8286743164101,231.732452392578,-172.637634277344,4082,4308.0,flashbang,de_mirage,True
327,788,42602,138005,6040179,T,1179.18,14.7989,258.031,-467.971130371094,-109.36068725585899,7.600521087646482,10191,10459.0,molotov,de_inferno,True
330,5596,55589,305379,7903276,T,1865.79,339.57599999999996,162.031,1821.03125,287.174346923828,160.03125,9651,9857.0,smoke,de_inferno,True
55,5651,57062,323907,8109066,T,1442.63,237.179,131.94299999999998,2135.12915039062,-45.62248229980471,127.268852233887,11920,12178.0,smoke,de_inferno,True
233,644,44412,312917,6303003,CT,1333.41,776.78,170.09799999999996,816.5106811523441,363.344116210938,87.5262069702148,6814,7038.0,flashbang,de_inferno,True
268,5452,51779,297123,7373793,T,735.913,2837.36,127.064,110.81420135497999,1569.6279296875,132.013717651367,14388,14988.0,smoke,de_inferno,True
339,5488,52762,175019,7516845,CT,2184.5,950.683,296.947,2607.59643554688,-319.461761474609,87.03125,10199,10421.0,flashbang,de_inferno,True
190,5448,51680,284252,7359781,T,302.957,-1496.87,-173.998,-695.507934570312,-2302.63793945312,-179.35670471191398,2549,2861.0,smoke,de_mirage,True
167,5506,53112,331281,7561076,CT,-2352.48,487.55699999999996,-165.96900000000005,-2206.712890625,510.694488525391,-167.96875,15990,16194.0,smoke,de_mirage,True
13,5448,51681,294216,7359904,CT,-1547.52,617.884,411.25300000000004,-339.85980224609403,568.968444824219,-79.9796676635742,3746,3970.0,flashbang,de_mirage,True
33,5500,53073,50624,7555903,T,1427.26,770.465,137.72299999999998,1230.87646484375,237.852401733398,158.802581787109,11614,11850.0,smoke,de_inferno,True
30,5506,53093,54421,7558326,CT,558.336,-446.699,186.09,217.45286560058602,247.22752380371102,-255.96875,2783,3005.0,flashbang,de_mirage,True
45,5596,55582,187969,7902043,CT,1878.83,2869.86,128.789,2000.53527832031,2689.26806640625,128.03125,6295,6529.0,smoke,de_inferno,False
95,5546,54179,182393,7701151,T,2327.69,821.437,153.041,1980.55065917969,547.6060791015619,160.03125,7091,7299.0,smoke,de_inferno,False
10,5564,54649,34232,7770331,T,-864.712,-568.785,-261.969,1422.96875,-367.954284667969,-156.904525756836,2112,3148.0,smoke,de_mirage,False
296,644,44399,154745,6300788,T,783.57,2339.16,137.60399999999998,996.0654907226559,2757.248046875,127.522674560547,6718,6950.0,smoke,de_inferno,True
172,5564,54654,101375,7770905,T,-851.3939999999999,-2400.72,-169.96900000000005,-1096.49475097656,-2235.29052734375,-170.78097534179702,8460,8692.0,smoke,de_mirage,True
359,5506,53111,314227,7560918,CT,-600.601,-1860.47,-177.96900000000005,-672.748596191406,-927.2764282226559,-220.326873779297,13750,13962.0,molotov,de_mirage,False
41,752,40440,331797,5714632,T,-236.166,-501.31199999999995,-165.297,1422.9870605468802,70.9999237060547,-112.90266418457001,1764,2490.0,smoke,de_mirage,True
352,5375,49646,128998,7072135,CT,-1015.8,-2312.75,-165.96900000000005,13.469349861145,-1454.94482421875,-170.91552734375,8012,8560.0,smoke,de_mirage,True
294,5158,46316,240989,6574855,CT,1326.12,34.1969,519.939,679.534118652344,11.995677947997999,90.3417434692383,3421,3589.0,molotov,de_inferno,False
329,5506,53096,112086,7558887,CT,-1134.8,-632.628,-165.99099999999999,1382.4111328125,-106.778030395508,-157.856002807617,8001,8831.0,smoke,de_mirage,True
35,5559,54532,112406,7753083,T,410.63599999999997,1956.55,130.031,140.097076416016,826.1941528320309,78.9929656982422,3376,3608.0,molotov,de_inferno,True
148,5668,57518,39468,8171784,T,2295.27,902.346,157.744,2210.06103515625,-404.5783386230471,88.00440216064449,6360,6696.0,smoke,de_inferno,True
88,5448,51681,294216,7359891,T,-1853.44,521.092,-165.428,-1075.57141113281,610.991394042969,-79.96875,3432,3656.0,flashbang,de_mirage,True
93,5452,51766,113535,7371659,CT,680.548,2531.83,378.13599999999997,110.81725311279301,1569.62646484375,138.798736572266,5524,5748.0,flashbang,de_inferno,True
229,5668,57535,298636,8174235,T,1174.38,-4.09256,258.031,559.939025878906,-18.722318649292,82.3151016235352,4016,4283.0,molotov,de_inferno,True
43,5453,51789,21350,7375116,T,280.01,383.02099999999996,164.649,1004.15380859375,594.05810546875,-258.97216796875,5623,5843.0,flashbang,de_mirage,True
9,5649,57020,591119,8103312,CT,207.415,759.3560000000001,-133.969,-575.189880371094,572.170715332031,-81.671875,4929,5213.0,smoke,de_mirage,True
337,5668,57540,369478,8174991,CT,880.143,548.4490000000002,89.9265,2524.001953125,1974.4025878906202,136.603424072266,2641,3316.0,smoke,de_inferno,True
184,5649,56999,282815,8100294,CT,-1195.94,-592.492,-165.96900000000005,-405.240570068359,-774.5487670898441,-261.031341552734,6220,6554.0,smoke,de_mirage,False
48,651,42557,311238,6034118,T,-728.9739999999997,-1538.79,-30.0423,443.459564208984,-1589.87390136719,-233.694854736328,7024,7250.0,flashbang,de_mirage,True
340,5668,57535,298636,8174227,CT,1191.42,18.1537,565.599,527.299621582031,-7.77142000198364,86.08819580078121,3591,3752.0,molotov,de_inferno,False
64,5596,55571,39015,7900493,CT,1256.85,478.407,120.178,1505.78137207031,1016.0086669921899,151.863372802734,4271,4531.0,smoke,de_inferno,False
3,5596,55595,397002,7904064,T,2717.18,318.481,552.741,1880.82556152344,571.3973388671881,222.03125,10406,10628.0,flashbang,de_inferno,True
172,5668,57530,225888,8173543,CT,377.92800000000005,3180.34,162.011,339.332183837891,1651.36145019531,122.03125,10270,10974.0,smoke,de_inferno,False
166,5448,51681,294216,7359949,T,-1507.38,-2384.48,267.89099999999996,-1596.91833496094,-770.2357788085941,-167.968765258789,5624,5848.0,flashbang,de_mirage,True
165,5647,56923,45789,8088246,T,602.749,2647.86,161.436,-79.4826354980469,1330.00378417969,106.70889282226601,6974,7830.0,smoke,de_inferno,True
145,752,40419,99282,5711635,CT,-58.415,-1703.48,299.01099999999997,1058.69970703125,-1047.30773925781,-262.283935546875,2125,2347.0,flashbang,de_mirage,True
264,5649,57010,449013,8102212,T,-942.0989999999999,-2453.26,-99.9688,-31.9154224395752,-1418.03125,-165.658248901367,5717,5993.0,molotov,de_mirage,True
260,5453,51801,182943,7376691,T,-682.552,-1182.22,-165.96900000000005,-185.906829833984,-2352.9375,-167.96875,4304,4672.0,smoke,de_mirage,False
75,644,44398,142122,6300411,T,519.372,1960.22,130.246,28.25667190551761,846.58935546875,67.5795059204102,2641,2901.0,molotov,de_inferno,False
98,5452,51782,338199,7374197,CT,2424.84,1194.66,191.585,2119.5712890625,306.100708007812,160.03125,7352,7576.0,flashbang,de_inferno,True
333,645,42497,413555,6024579,T,1385.1,721.475,134.374,1486.04797363281,997.9135131835941,150.08576965332,3309,3567.0,smoke,de_inferno,False
3,5453,51799,155382,7376468,T,-943.044,-2474.6,-97.9688,-31.916996002197298,-1418.0012207031198,-163.396575927734,5620,5896.0,molotov,de_mirage,True
199,5454,51840,289961,7382283,T,-649.066,-929.4789999999999,-229.96900000000002,357.70584106445295,-120.786689758301,-165.96875,3032,3252.0,molotov,de_mirage,True
200,5452,51779,297123,7373757,CT,1388.83,766.592,136.859,726.3307495117191,245.539337158203,91.5336074829102,11188,11760.0,smoke,de_inferno,True
274,5649,57007,395011,8101652,CT,465.769,-1666.36,-235.495,-150.59323120117202,-1985.72521972656,-167.96875,3904,4126.0,flashbang,de_mirage,True
325,4244,31291,390403,4360611,CT,-1179.79,-632.784,-165.96900000000005,-1572.3935546875,-1157.05920410156,-243.634323120117,4623,4933.0,smoke,de_mirage,True
291,5488,52756,104552,7516264,CT,2300.1,454.38199999999995,140.338,1777.015625,-344.623413085938,256.03125,13381,13605.0,flashbang,de_inferno,True
7,5452,51762,61398,7371016,CT,196.208,1777.1,123.45299999999999,93.76732635498051,1052.43762207031,80.9291915893555,3041,3301.0,smoke,de_inferno,True
267,5453,51789,21350,7375083,CT,-341.119,18.2297,144.106,599.564697265625,605.2308349609381,-127.019721984863,4452,4679.0,flashbang,de_mirage,False
123,5564,54661,177632,7771701,CT,44.2356,-2278.22,-37.9688,-1711.96875,-761.03125,-163.396667480469,8064,8948.0,smoke,de_mirage,True
132,5453,51801,182943,7376632,CT,356.833,-1510.08,-195.382,-879.808837890625,-2263.939453125,-171.10656738281202,2716,3208.0,smoke,de_mirage,True
221,5454,51831,198874,7381020,T,-244.25799999999998,-495.036,-165.42,1422.99719238281,65.8804168701172,-112.90266418457001,2117,2817.0,smoke,de_mirage,True
200,5649,57007,395011,8101703,CT,-627.601,-1485.24,479.555,-240.71046447753898,-349.400024414062,-163.96875,13114,13336.0,flashbang,de_mirage,True
202,5649,56993,187085,8099424,CT,-1707.69,695.263,-45.9688,-915.692260742188,559.3118896484381,-83.86798095703121,14626,14858.0,smoke,de_mirage,True
342,5648,56964,177405,8095364,CT,-918.3489999999999,521.42,-80.9398,-1710.99548339844,-1208.03125,-252.766540527344,5892,7088.0,smoke,de_mirage,True
1,752,40436,292883,5714109,CT,370.477,-1496.46,-173.96900000000005,815.463134765625,-1497.30090332031,-108.96875,4325,5025.0,smoke,de_mirage,True
87,645,42494,370398,6023954,CT,781.637,558.913,88.8327,1412.54772949219,642.588317871094,133.535583496094,3029,3315.0,smoke,de_inferno,True
319,5375,49658,291818,7073816,T,-1134.3,730.8589999999997,-74.5251,-1314.93640136719,682.7615966796881,-79.96875,20026,20252.0,flashbang,de_mirage,True
231,5596,55583,206904,7902241,T,1009.94,2735.0,129.144,415.293548583984,1770.14111328125,128.645202636719,8775,9553.0,smoke,de_inferno,True
304,5500,53073,50624,7555898,CT,128.339,1087.48,83.5874,-15.5150833129883,1414.7946777343802,102.00789642334,8390,8598.0,smoke,de_inferno,True
198,5158,46319,281030,6575428,T,508.42800000000005,2042.63,131.408,1439.9982910156198,2956.27685546875,131.34909057617202,2571,3140.0,smoke,de_inferno,True
42,752,40436,292883,5714103,CT,-914.118,-2410.02,-165.96900000000005,1258.34020996094,-871.96875,-143.96875,3895,4723.0,smoke,de_mirage,False
351,5452,51765,93628,7371564,T,982.573,2677.02,129.993,611.8079833984381,1969.81005859375,130.36389160156202,8960,9196.0,smoke,de_inferno,True
314,5158,46311,159689,6573923,CT,716.8560000000001,2251.53,140.82299999999995,326.383331298828,2850.70776367188,164.53125,10852,11074.0,flashbang,de_inferno,True
174,645,42494,370398,6024011,T,145.925,877.692,80.8171,569.580383300781,2068.98120117188,132.617080688477,4153,4541.0,smoke,de_inferno,True
285,5651,57062,323907,8109053,CT,476.72900000000004,3123.18,162.031,315.11639404296903,1603.4650878906198,116.63859558105499,7224,7950.0,smoke,de_inferno,True
294,5649,56999,282815,8100293,T,-1135.3,-651.236,-165.96900000000005,148.220855712891,-373.994293212891,-166.96875,6188,6548.0,smoke,de_mirage,False
84,5375,49658,291818,7073719,T,-507.24300000000005,-1388.69,343.425,-924.139038085938,-87.56822967529301,-163.396575927734,11652,11874.0,flashbang,de_mirage,True
156,5648,56973,295626,8096560,CT,-744.25,-869.55,-165.96900000000005,176.00221252441398,-238.902191162109,-151.96875,2676,2910.0,molotov,de_mirage,True
75,5375,49656,259569,7073416,T,-1877.15,485.793,490.25800000000004,-382.046081542969,562.33447265625,-77.6674499511719,5216,5442.0,flashbang,de_mirage,True
333,752,40419,99282,5711643,T,-717.3330000000003,-715.102,-104.943,-1156.4453125,-777.4580078125,-167.96875,2733,2955.0,flashbang,de_mirage,True
269,788,42602,138005,6040231,T,2580.33,-84.9759,86.0312,601.996887207031,2870.63134765625,160.03125,13835,14041.0,molotov,de_inferno,False
298,5453,51799,155382,7376402,T,-648.601,-920.435,-229.96900000000002,264.31634521484403,-167.613220214844,-165.888336181641,2888,3088.0,molotov,de_mirage,True
56,5649,57007,395011,8101663,CT,374.491,-1457.02,-141.543,812.9187622070309,-1656.35485839844,-108.96875,5956,6178.0,flashbang,de_mirage,True
311,676,42327,33764,5998261,T,-1197.52,-742.967,-165.96900000000005,154.32785034179702,-325.524505615234,-166.96875,3332,3566.0,molotov,de_mirage,True
4,643,42230,533591,5981012,T,274.534,-1471.61,-127.512,-621.03125,-1996.9357910156202,-179.96875,2860,3084.0,flashbang,de_mirage,True
160,644,44387,16631,6298099,CT,803.4810000000001,2238.42,138.213,493.769683837891,2661.49169921875,160.03125,4543,4775.0,smoke,de_inferno,True
191,5448,51678,253901,7359624,T,-1086.83,-1518.88,-103.072,261.323760986328,-1545.2255859375,-175.96875,13094,13318.0,flashbang,de_mirage,True
181,5375,49651,198647,7072774,T,11.2057,-1731.18,296.216,1186.58764648438,-978.400634765625,-256.73553466796903,4780,5004.0,flashbang,de_mirage,True
163,5668,57538,345412,8174823,CT,1159.84,2378.24,482.163,319.958465576172,1878.57336425781,129.843368530273,7045,7269.0,flashbang,de_inferno,True
177,676,42332,116977,5999031,CT,354.26300000000015,-1296.67,231.71,851.7899780273441,-1124.69873046875,-263.96875,2726,2950.0,flashbang,de_mirage,True
365,5564,54656,125391,7771131,T,-1462.4,728.3489999999997,-45.9688,-1959.6682128906202,704.495361328125,-47.96875,14328,14564.0,smoke,de_mirage,True
312,5596,55595,397002,7904063,T,1752.56,49.692,226.378,1407.45495605469,279.549560546875,129.48678588867202,10142,10366.0,flashbang,de_inferno,True
297,5564,54655,113811,7770981,CT,-593.148,-1400.85,-165.96900000000005,-535.408142089844,-674.52392578125,-272.260528564453,4092,4404.0,smoke,de_mirage,False
217,5648,56958,102693,8094457,T,-276.195,-850.534,510.39,-769.237670898438,-2207.701171875,-177.658248901367,2336,2560.0,flashbang,de_mirage,True
291,5375,49660,330540,7073988,CT,27.82800000000001,-2273.15,-37.9963,-1179.01550292969,-1319.23974609375,-174.062210083008,10096,10436.0,smoke,de_mirage,True
58,5158,46311,159689,6573913,CT,510.54699999999997,2455.57,166.452,279.20703125,2776.49560546875,164.53125,10167,10389.0,flashbang,de_inferno,False
105,5527,53685,154895,7633379,T,1176.39,520.491,112.073,1585.5397949218802,1206.95336914062,162.110153198242,3272,3532.0,smoke,de_inferno,True
331,5546,54180,196348,7701276,T,1279.08,294.862,451.976,749.862060546875,668.190612792969,89.1399612426758,6097,6275.0,molotov,de_inferno,False
341,5564,54649,34232,7770346,CT,-640.085,-717.4630000000003,-267.427,-653.797424316406,-1299.75610351562,-167.96875,3172,3460.0,smoke,de_mirage,True
265,645,42497,413555,6024755,T,1401.97,205.06400000000002,129.83100000000002,2481.38500976562,-250.784866333008,84.03125,6533,6975.0,smoke,de_inferno,True
126,5546,54182,221771,7701740,CT,1199.48,501.787,113.89299999999999,1343.40576171875,342.830535888672,127.104873657227,8733,8939.0,smoke,de_inferno,True
218,676,42332,116977,5999034,CT,-601.067,-1293.58,270.824,243.829391479492,-165.357681274414,-163.719772338867,3098,3322.0,flashbang,de_mirage,False
255,5559,54534,140023,7753567,T,891.957,2188.14,474.58099999999996,733.6543579101559,2861.39331054688,126.321517944336,8148,8376.0,flashbang,de_inferno,True
61,5453,51801,182943,7376707,T,-816.471,-2282.7,-177.96900000000005,154.01550292968798,-1671.3955078125,-167.96875,5500,5812.0,smoke,de_mirage,False
83,676,42337,179545,5999863,CT,255.149,-1536.39,-173.96900000000005,-881.599243164062,-2270.86547851562,-170.632476806641,9634,10074.0,smoke,de_mirage,True
186,5375,49656,259569,7073418,T,-1975.28,496.67699999999996,589.127,-498.76052856445295,556.837219238281,-78.6868057250977,5404,5630.0,flashbang,de_mirage,True
221,644,44399,154745,6300778,T,978.579,2641.59,130.20600000000002,337.512786865234,1648.04748535156,122.03125,6056,6600.0,smoke,de_inferno,True
91,5649,56993,187085,8099470,CT,276.052,-1520.67,-173.96900000000005,161.735595703125,-1694.6296386718802,-167.96875,16746,16952.0,smoke,de_mirage,False
273,596,42744,45262,6063684,T,344.666,1905.89,131.65200000000002,45.0370063781738,888.13818359375,70.0675506591797,2676,2892.0,molotov,de_inferno,True
108,5644,56861,215498,8078869,CT,775.38,2429.84,137.118,1186.7490234375,2793.09350585938,126.349716186523,8957,9103.0,molotov,de_inferno,True
28,5375,49658,291818,7073680,T,-547.927,-478.684,335.964,613.88232421875,591.197326660156,-126.703804016113,3048,3270.0,flashbang,de_mirage,True
92,5648,56964,177405,8095362,T,-209.215,-499.035,-165.97,1422.95617675781,-248.03125,-167.96875,5604,6330.0,smoke,de_mirage,True
130,5596,55593,372947,7903769,T,956.944,2693.08,129.952,-800.8128051757809,515.228515625,-29.9239559173584,2981,3735.0,smoke,de_inferno,True
84,5546,54179,182393,7701061,T,155.398,1127.09,88.9272,812.471435546875,2302.16284179688,137.28234863281202,3165,3503.0,smoke,de_inferno,True
183,5375,49664,387684,7074501,T,-1150.52,-637.059,-165.96900000000005,1421.7946777343802,34.8305816650391,-163.396575927734,2128,3010.0,smoke,de_mirage,True
272,5647,56923,45789,8088194,T,760.422,2294.5,98.0312,584.116638183594,2482.67236328125,291.03125,3394,3756.0,smoke,de_inferno,True
138,5595,55539,39015,7896288,T,1256.85,478.407,120.178,1505.78137207031,1016.0086669921899,151.863372802734,4271,4531.0,smoke,de_inferno,False
11,5158,46316,240989,6574847,T,1222.59,43.1049,256.031,-239.601486206055,-89.22900390625,27.275575637817397,2537,2811.0,molotov,de_inferno,True
100,5651,57062,323907,8109064,CT,486.913,3238.24,162.031,110.833023071289,1569.59619140625,132.03125,11838,12512.0,smoke,de_inferno,True
32,5452,51779,297123,7373719,T,625.044,2025.02,131.684,-656.010009765625,495.9951171875,-19.396587371826197,4404,5024.0,smoke,de_inferno,True
18,5596,55589,305379,7903196,CT,1338.05,106.397,130.031,1467.74255371094,316.393463134766,133.233306884766,4661,4893.0,smoke,de_inferno,False
0,766,40468,231253,5719283,T,-801.693,-312.802,-165.62099999999995,1422.9365234375,-367.96875,-167.96875,1968,2982.0,smoke,de_mirage,True
318,5644,56853,82079,8077517,T,143.691,2550.36,162.031,479.259521484375,2017.96875,130.704681396484,13422,13692.0,molotov,de_inferno,True
239,651,42538,91375,6031372,CT,448.061,-1589.97,-216.391,59.8293380737305,-1525.05407714844,-175.55152893066398,8804,9030.0,flashbang,de_mirage,True
255,5649,57007,395011,8101666,CT,702.4689999999997,-1478.27,-45.4679,731.652221679688,-1273.95983886719,-111.654296875,6302,6524.0,flashbang,de_mirage,False
94,5596,55588,287225,7903006,CT,810.673,2496.78,139.497,1535.13928222656,2855.24438476562,127.928504943848,8140,8400.0,smoke,de_inferno,True
158,5375,49651,198647,7072858,CT,-1892.02,-539.183,-157.91299999999995,-2065.69750976562,482.064117431641,-162.483810424805,11318,11542.0,flashbang,de_mirage,True
280,5559,54525,11520,7751997,T,2141.03,-15.6515,224.391,2573.11889648438,-214.060546875,84.03125,8092,8316.0,flashbang,de_inferno,False
341,645,42494,370398,6024098,CT,1393.83,624.99,132.185,906.86279296875,619.405029296875,90.4702377319336,5815,6179.0,smoke,de_inferno,True
336,5488,52756,104552,7516236,CT,638.262,2084.67,342.171,535.9964599609381,3200.03125,164.603424072266,9603,9827.0,flashbang,de_inferno,True
210,5454,51831,198874,7381021,CT,-207.188,-501.50800000000004,-165.99900000000005,1422.96875,-248.03125,-167.96875,2137,2865.0,smoke,de_mirage,False
209,676,42337,179545,5999696,CT,265.04400000000004,-1528.95,-173.96900000000005,-879.96875,-2263.98583984375,-171.083190917969,2926,3368.0,smoke,de_mirage,True
254,5448,51675,211856,7359059,T,-2300.93,-459.726,-165.96900000000005,-2462.07495117188,440.90652465820295,-167.831466674805,5127,5299.0,molotov,de_mirage,True
165,766,40468,231253,5719290,T,292.964,-1497.66,-173.96900000000005,-542.691345214844,-2253.6962890625,-176.915237426758,2276,2562.0,smoke,de_mirage,True
112,5506,53096,112086,7558872,CT,54.327,-1476.58,-173.96900000000005,668.920654296875,-1630.6298828125,-261.416717529297,2663,2869.0,smoke,de_mirage,False
328,5648,56973,295626,8096626,T,268.957,-809.5319999999997,-96.6434,227.181564331055,263.860595703125,-255.96875,4538,4812.0,molotov,de_mirage,True
306,5596,55577,114459,7901470,T,140.031,2619.47,162.031,339.989868164062,2027.9582519531202,132.603424072266,16358,17032.0,smoke,de_inferno,False
309,5559,54533,120968,7753240,T,2533.89,-95.625,86.0312,1398.7927246093802,95.0652084350586,128.03125,8912,9152.0,molotov,de_inferno,True
2,5564,54655,113811,7771030,CT,-546.781,-494.96,-165.96900000000005,-973.8507690429692,291.751495361328,-167.316558837891,9204,9488.0,smoke,de_mirage,True
180,596,42760,238386,6066909,T,1141.36,428.55699999999996,109.24,1599.64050292969,-53.000335693359396,129.663970947266,4582,4918.0,smoke,de_inferno,True
216,5452,51766,113535,7371706,T,984.888,2738.42,129.175,665.685241699219,2102.01708984375,135.549240112305,8688,8952.0,smoke,de_inferno,True
261,5158,46324,356588,6576217,CT,160.93200000000004,1626.61,114.179,198.22166442871102,1463.11279296875,107.37647247314501,3114,3319.0,smoke,de_inferno,True
326,651,42538,91375,6031245,T,-490.87199999999996,-1584.83,-20.0011,-496.96926879882795,-1424.54235839844,-89.12610626220699,5330,5556.0,flashbang,de_mirage,True
250,643,42205,207114,5976998,CT,-2036.41,743.784,-45.9688,-1102.10998535156,675.099548339844,-79.96875,7589,7735.0,molotov,de_mirage,True
45,5649,57010,449013,8102139,T,-934.9730000000001,-2459.65,-97.9688,-31.9170360565186,-1418.00036621094,-163.396575927734,4651,4925.0,molotov,de_mirage,True
268,5453,51791,43300,7375369,T,-455.298,-1601.08,-37.9688,1148.35522460938,-1183.96875,-205.571701049805,3400,4076.0,smoke,de_mirage,True
228,5527,53685,154895,7633401,T,978.253,2688.29,129.936,110.817939758301,1569.6259765625,132.013656616211,8896,9468.0,smoke,de_inferno,True
83,596,42751,142093,6065147,CT,702.515,7.97461,267.494,-244.312149047852,-65.2608184814453,26.3904724121094,2714,2958.0,molotov,de_inferno,False
279,5644,56853,82079,8077416,T,217.41299999999998,1937.81,232.795,153.573715209961,990.8876953125,78.9562149047852,2828,2966.0,molotov,de_inferno,False
270,5649,57007,395011,8101700,T,-659.181,-1307.88,-91.9751,-11.6914319992065,-2096.89599609375,-167.96875,12896,13120.0,flashbang,de_mirage,True
142,5648,56975,331353,8096921,CT,369.139,-1468.23,-148.317,815.989868164062,-1661.7810058593802,-108.96875,6060,6284.0,flashbang,de_mirage,True
211,5488,52756,104552,7516167,CT,1261.0,252.739,492.401,383.987426757812,681.110107421875,89.01721954345699,3783,4007.0,flashbang,de_inferno,False
230,5596,55595,397002,7904018,T,1091.96,578.303,337.168,-267.96484375,806.8786010742191,11.03125,2988,3214.0,flashbang,de_inferno,True
217,645,42497,413555,6024919,CT,1119.34,2748.99,130.031,35.1275863647461,2528.61254882812,160.03125,9737,10101.0,smoke,de_inferno,True
335,5648,56974,309626,8096790,T,-910.997,-2416.14,-165.96900000000005,1258.10192871094,-871.999389648438,-139.396575927734,18514,19342.0,smoke,de_mirage,True
105,5649,57004,345885,8101272,CT,-1002.06,-1437.55,-165.96900000000005,77.3904342651367,-2236.17651367188,-39.96875,9901,10315.0,smoke,de_mirage,True
247,5546,54182,221771,7701584,CT,1227.66,474.98400000000004,116.71799999999999,1512.8310546875,1061.76635742188,154.936187744141,3445,3681.0,smoke,de_inferno,True
290,5564,54656,125391,7771052,CT,-1151.21,-630.271,-165.96900000000005,1422.68408203125,34.8305816650391,-163.396575927734,7424,8312.0,smoke,de_mirage,True
120,5559,54533,120968,7753237,T,1389.93,1194.93,163.116,1221.3388671875,449.236236572266,116.088668823242,8000,8184.0,molotov,de_inferno,True
159,5375,49650,182366,7072643,T,124.13799999999999,-1561.06,-46.1342,-1121.40649414062,-2445.63330078125,-167.96875,2944,3170.0,flashbang,de_mirage,True
81,5596,55589,305379,7903265,T,2482.14,494.026,450.92,1927.4963378906202,1220.06384277344,174.03125,7893,8113.0,flashbang,de_inferno,True
147,5452,51766,113535,7371635,CT,722.675,613.18,89.2165,1440.88049316406,689.581909179688,136.829010009766,2888,3176.0,smoke,de_inferno,True
362,4244,31291,390403,4360539,T,-622.48,-507.811,-166.615,-73.6464385986328,-349.918548583984,-159.96875,3751,3869.0,smoke,de_mirage,True
220,5647,56949,470570,8093095,CT,1236.29,509.214,117.95,1433.24890136719,-90.04041290283199,130.03125,7019,7277.0,smoke,de_inferno,True
315,5644,56862,233811,8079028,CT,153.718,1528.65,110.29700000000001,595.03125,2538.00024414062,244.03125,2848,3628.0,smoke,de_inferno,True
42,5488,52767,259270,7517458,CT,2047.19,-100.271,217.408,1564.10192871094,-274.000335693359,256.03125,8073,8537.0,smoke,de_inferno,True
94,5648,56973,295626,8096664,T,-1753.13,354.09,-166.423,-1701.43420410156,838.241333007812,-47.96875,10992,11144.0,molotov,de_mirage,False
146,676,42332,116977,5999090,T,-986.627,193.515,20.1923,-298.509185791016,-898.267333984375,-167.96875,6148,6372.0,flashbang,de_mirage,True
239,5595,55563,397002,7899846,CT,1383.45,915.327,146.925,1246.0380859375,254.577056884766,147.65283203125,8596,8986.0,smoke,de_inferno,False
163,5375,49650,182366,7072736,T,-1961.96,-2575.27,214.601,-1548.1965332031198,-1471.02197265625,-259.96875,13259,13481.0,flashbang,de_mirage,True
219,4244,31291,390403,4360500,CT,-1166.1,-586.869,-165.96900000000005,1422.10632324219,34.8305854797363,-167.96875,2285,2959.0,smoke,de_mirage,True
190,5644,56862,233811,8079190,CT,2305.74,853.952,154.887,2634.00073242188,-473.983459472656,91.2890777587891,12210,12938.0,smoke,de_inferno,True
124,644,44412,312917,6302962,CT,1405.26,400.52099999999996,182.297,-173.640686035156,815.49169921875,32.417282104492195,5750,5972.0,flashbang,de_inferno,True
152,752,40436,292883,5714104,T,-1419.21,724.83,-61.9688,-2325.22778320312,781.77490234375,-125.65769195556601,3945,4307.0,smoke,de_mirage,True
206,645,42494,370398,6024130,T,1479.54,212.248,132.336,1989.2175292968798,36.0289916992188,125.79807281494101,6905,7165.0,smoke,de_inferno,True
144,5596,55595,397002,7904050,CT,1838.18,-367.075,265.49,2283.75634765625,394.12747192382795,132.961441040039,7988,8210.0,flashbang,de_inferno,True
223,676,42330,82412,5998749,T,-1036.24,304.671,-302.48,-564.771789550781,505.207275390625,-43.96875,3806,4028.0,flashbang,de_mirage,True
177,5644,56862,233811,8079058,CT,1187.84,504.31300000000016,112.73899999999999,1486.31311035156,115.67325592041,126.793991088867,4702,4934.0,smoke,de_inferno,True
130,651,42557,311238,6034113,T,119.655,-1438.75,120.655,871.2372436523441,-1036.00573730469,-251.96875,6428,6652.0,flashbang,de_mirage,True
26,5596,55582,187969,7902131,T,990.155,2715.93,129.64700000000002,616.941955566406,1991.95642089844,129.704177856445,14023,14231.0,smoke,de_inferno,True
189,651,42538,91375,6031209,CT,105.35,-1415.59,104.64299999999999,868.902099609375,-1036.00085449219,-251.96875,3369,3591.0,flashbang,de_mirage,True
23,5596,55589,305379,7903154,CT,1091.58,2143.15,616.092,691.03125,2234.140625,138.030838012695,3483,3705.0,flashbang,de_inferno,True
85,5506,53093,54421,7558440,CT,-1911.42,430.374,-46.2137,-2341.6162109375,-338.952423095703,-167.96875,16763,16985.0,flashbang,de_mirage,False
138,5453,51795,100763,7375864,T,-2322.7,818.455,-118.542,-1148.50744628906,692.4738159179691,-79.96875,4512,4752.0,molotov,de_mirage,False
252,644,44412,312917,6302947,T,1337.88,241.66,142.983,1260.60900878906,-81.99266052246091,256.03125,5440,5664.0,flashbang,de_inferno,True
281,5668,57518,39468,8171675,CT,480.87699999999995,1960.69,130.031,639.585205078125,2011.9833984375,130.936279296875,3369,3578.0,smoke,de_inferno,True
336,5648,56975,331353,8096899,T,-1188.28,695.243,-64.0636,-779.232543945312,623.96875,-75.96875,3954,4176.0,flashbang,de_mirage,True
6,5488,52756,104552,7516263,T,2540.26,-23.9276,86.0312,1404.03845214844,-33.626251220703104,130.03125,13347,13571.0,molotov,de_inferno,True
113,5375,49664,387684,7074515,CT,223.155,-1555.87,-173.96900000000005,-879.96875,-2263.994140625,-171.08279418945298,3752,4170.0,smoke,de_mirage,True
224,4244,31291,390403,4360529,CT,-584.214,-427.898,-167.60299999999995,-739.03125,292.96875,-143.96875,3519,4113.0,smoke,de_mirage,True
203,5158,46307,90876,6573302,T,2072.78,-250.237,258.031,1966.89855957031,347.33248901367205,160.03125,10925,11156.0,smoke,de_inferno,False
349,4244,31259,24496,4355153,T,-829.284,40.7984,-166.232,-494.138549804688,-785.793334960938,-254.992004394531,3492,3750.0,smoke,de_mirage,True
63,5596,55592,356057,7903635,T,1368.62,254.174,276.763,839.2935180664059,628.4693603515619,88.33605194091801,9693,9917.0,flashbang,de_inferno,True
140,5448,51681,294216,7359882,T,-229.847,-1054.96,435.83099999999996,-848.1309204101559,-2346.578125,-167.797500610352,2590,2816.0,flashbang,de_mirage,True
167,5452,51764,79414,7371470,T,1016.92,2644.47,134.681,588.160888671875,1892.21911621094,133.255172729492,8307,8647.0,smoke,de_inferno,False
192,5158,46320,294808,6575577,CT,1948.32,1218.38,163.86599999999999,1517.99963378906,951.96875,152.35856628418,4569,5034.0,smoke,de_inferno,False
266,5648,56971,263802,8096458,T,-855.0369999999997,-1401.14,-165.96900000000005,-672.087219238281,-2368.60546875,-172.451995849609,15625,15885.0,smoke,de_mirage,False
237,5375,49658,291818,7073675,T,-581.738,-634.562,-249.331,370.30789184570295,-45.62834167480471,-191.104110717773,2796,3022.0,flashbang,de_mirage,True
297,5452,51766,113535,7371660,T,1304.85,2820.64,585.906,379.848937988281,1906.61340332031,130.03125,5824,6052.0,flashbang,de_inferno,True
242,5649,56983,20865,8098156,CT,-814.91,-190.452,-167.391,360.010803222656,-691.997924804688,-162.491851806641,7594,8088.0,smoke,de_mirage,True
164,5596,55571,39015,7900506,T,1241.29,515.6709999999998,118.67200000000001,1401.1064453125,54.49951171875,128.03125,7205,7413.0,smoke,de_inferno,True
228,5649,57020,591119,8103337,T,-696.4630000000003,-1570.01,-165.96900000000005,73.1048202514648,-1959.76257324219,-167.96875,5661,5917.0,smoke,de_mirage,True
61,5158,46311,159689,6573904,CT,1278.59,565.5830000000002,381.77099999999996,750.3059692382809,178.299407958984,96.47369384765621,4923,5146.0,flashbang,de_inferno,True
15,5452,51782,338199,7374167,CT,155.476,2050.59,413.99699999999996,973.1017456054692,2781.99853515625,136.94290161132798,5264,5484.0,flashbang,de_inferno,True
54,5559,54525,11520,7751937,T,453.654,1940.87,208.12099999999998,68.03125,1005.17840576172,79.1566848754883,3084,3308.0,flashbang,de_inferno,True
230,5454,51834,225957,7381445,CT,-238.692,-509.254,-164.293,1422.99743652344,70.9988632202148,-112.90266418457001,6132,6832.0,smoke,de_mirage,False
169,676,42330,82412,5998746,CT,621.387,-636.515,356.219,193.67897033691398,-29.8718280792236,-186.513320922852,2788,3010.0,flashbang,de_mirage,False
150,5452,51765,93628,7371525,CT,1181.15,511.272,112.17399999999999,1522.07727050781,1088.42687988281,156.041564941406,2800,3036.0,smoke,de_inferno,True
73,5158,46324,356588,6576215,CT,217.31400000000002,1727.1,121.652,182.97312927246102,1381.05310058594,103.757217407227,2994,3085.0,smoke,de_inferno,True
242,5546,54179,182393,7701075,CT,145.498,1156.62,88.9916,810.8379516601559,2308.52172851562,137.239318847656,4493,4829.0,smoke,de_inferno,True
348,5651,57059,282707,8108427,T,1418.02,308.388,131.079,825.682983398438,580.341796875,87.65838623046879,5372,5578.0,smoke,de_inferno,True
306,651,42557,311238,6034103,T,-668.329,-1612.59,-169.96900000000005,815.96875,-1459.75,-108.96875,5334,6090.0,smoke,de_mirage,True
368,5506,53115,377890,7561324,CT,529.241,-1621.91,-262.0,5.09890270233154,-1576.27099609375,-170.078475952148,3034,3342.0,smoke,de_mirage,True
91,5158,46320,294808,6575657,T,785.2860000000003,2307.24,137.884,390.250549316406,2537.51196289062,160.03125,6314,6728.0,smoke,de_inferno,True
275,5649,56983,20865,8098157,CT,-1142.8,-617.616,-165.97799999999995,451.20925903320295,-635.2457275390619,-159.96875,7730,8092.0,smoke,de_mirage,True
125,5452,51765,93628,7371575,T,1016.97,2643.08,134.822,575.547424316406,1877.22326660156,132.743911743164,12056,12396.0,smoke,de_inferno,False
48,5798,61173,132850,8695173,CT,1989.44,-476.848,501.844,1468.09509277344,-357.393463134766,256.03125,8977,9201.0,flashbang,de_inferno,True
250,5158,46307,90876,6573307,T,972.721,2733.55,129.36700000000002,646.4952392578119,1977.56335449219,130.92224121093798,13341,13600.0,smoke,de_inferno,True
151,5596,55595,397002,7904075,T,2679.04,548.268,579.918,2088.5615234375,1139.26013183594,161.337005615234,11162,11384.0,flashbang,de_inferno,True
219,5488,52762,175019,7516810,CT,101.314,609.212,510.19199999999995,-631.227294921875,712.1911010742191,-34.0936508178711,2981,3205.0,flashbang,de_inferno,True
244,5644,56862,233811,8079031,CT,109.566,1102.72,81.0302,273.20697021484403,1378.75244140625,107.03125,3070,3142.0,smoke,de_inferno,False
89,5158,46311,159689,6573909,CT,936.076,2429.26,403.103,319.02227783203097,1716.66711425781,120.582733154297,9281,10093.0,flashbang,de_inferno,True
284,5375,49656,259569,7073456,CT,-726.5989999999997,-778.7360000000001,177.293,-451.5224609375,-1794.35363769531,-175.408538818359,8542,8768.0,flashbang,de_mirage,True
193,596,42760,238386,6066986,T,1026.79,2755.95,129.053,634.061096191406,2980.75415039062,193.03125,8566,8826.0,smoke,de_inferno,True
344,651,42557,311238,6034217,T,-1610.7,-2337.8,-224.037,-1068.71301269531,-2232.68505859375,-167.96875,8800,9026.0,flashbang,de_mirage,True
102,5452,51765,93628,7371573,T,1953.53,64.054,125.78399999999999,1363.76318359375,147.475814819336,128.03125,11300,11532.0,smoke,de_inferno,True
56,5596,55577,114459,7901465,CT,1033.65,2755.82,129.27,722.759643554688,2414.375,135.43093872070298,13250,13458.0,smoke,de_inferno,True
218,788,42602,138005,6040256,CT,1813.08,1377.77,162.00799999999995,2044.53173828125,1066.89172363281,155.883544921875,15615,15737.0,molotov,de_inferno,True
148,5375,49650,182366,7072738,T,-1787.84,-2782.13,346.15,-1504.8356933593802,-1771.22595214844,-261.96875,13441,13665.0,flashbang,de_mirage,True
34,5559,54533,120968,7753255,T,1516.19,112.87799999999999,129.191,2120.31713867188,363.48684692382795,160.03125,9172,9364.0,molotov,de_inferno,True
270,5452,51779,297123,7373756,CT,1193.27,524.398,113.845,1634.0134277343802,-88.9652557373047,131.03125,9348,9608.0,smoke,de_inferno,True
225,5448,51678,253901,7359518,CT,714.321,-311.45099999999996,449.106,176.03125,-132.89013671875,-151.96875,3105,3329.0,flashbang,de_mirage,True
235,5506,53115,377890,7561332,T,-1161.73,198.578,-170.18900000000005,-160.006057739258,887.9928588867191,-135.328720092773,5820,6676.0,smoke,de_mirage,True
21,5375,49651,198647,7072795,CT,-1992.96,391.909,369.685,-2345.58203125,526.2091064453119,-165.71875,8052,8276.0,flashbang,de_mirage,False
207,5158,46311,159689,6574020,T,124.03399999999999,3131.11,647.332,730.8226928710941,3456.81689453125,131.622863769531,16351,16573.0,flashbang,de_inferno,True
39,5564,54671,289960,7772938,T,273.263,-1515.85,-173.96900000000005,39.3719711303711,-1717.96875,-167.96875,4352,4560.0,smoke,de_mirage,True
183,5668,57540,369478,8175039,CT,782.763,2300.38,137.843,383.461181640625,2537.75634765625,160.03125,7587,8001.0,smoke,de_inferno,True
260,5452,51778,276332,7373470,CT,26.7245,1105.82,349.63,-176.015563964844,802.05322265625,26.144172668457,4541,4765.0,flashbang,de_inferno,True
241,5596,55595,397002,7904035,T,100.399,2027.52,270.872,179.979339599609,1041.01000976562,99.03125,4796,5020.0,flashbang,de_inferno,True
26,5506,53112,331281,7561046,CT,2.11369,-2318.76,-37.9688,-754.2817993164059,-1333.83166503906,-167.96875,6672,7060.0,smoke,de_mirage,True
178,676,42332,116977,5999073,T,-117.999,-1901.28,90.7526,-3.21195483207703,-1539.8359375,-169.247406005859,5406,5630.0,flashbang,de_mirage,True
189,5647,56923,45789,8088268,T,2558.74,1135.23,162.031,1487.96875,1011.1832275390601,151.319152832031,10717,11053.0,smoke,de_inferno,False
303,5649,56999,282815,8100289,T,-741.534,-1400.43,-165.96900000000005,360.03683471679705,-691.96875,-162.49142456054702,5086,5994.0,smoke,de_mirage,False
67,5546,54179,182393,7701054,CT,623.3430000000002,2024.36,131.619,-656.03125,495.96875,-21.6582546234131,2791,3413.0,smoke,de_inferno,True
256,5596,55583,206904,7902302,T,1024.22,2743.59,129.072,372.51730346679705,1689.1298828125,122.03125,11751,12453.0,smoke,de_inferno,True
313,5647,56949,470570,8093151,T,438.147,3182.87,162.031,110.807777404785,1569.6066894531198,132.03125,12235,12937.0,smoke,de_inferno,True
292,5488,52767,259270,7517464,T,806.008,2315.23,138.376,483.820495605469,1905.79846191406,130.384704589844,9341,9547.0,smoke,de_inferno,True
296,5564,54666,233917,7772275,CT,507.031,-323.733,36.0992,167.32568359375,1.3581112623214702,-194.851348876953,2868,3092.0,flashbang,de_mirage,True
98,5648,56970,253455,8096107,CT,-216.41,-477.25800000000004,-165.96900000000005,1422.96875,-248.037979125977,-167.96875,1967,2693.0,smoke,de_mirage,True
21,645,42497,413555,6024713,CT,934.415,2774.83,129.694,582.3236083984381,1873.03125,133.019622802734,5665,5951.0,smoke,de_inferno,True
197,5564,54666,233917,7772283,T,-703.125,-935.1439999999999,140.107,-714.1961059570309,-2143.70458984375,-177.658248901367,3540,3768.0,flashbang,de_mirage,False
143,645,42494,370398,6024173,T,1908.61,-191.418,258.031,2092.96875,-243.90592956543,256.03125,8433,8641.0,smoke,de_inferno,True
204,5057,44262,132563,6281410,T,-674.855,552.886,-84.0,-142.62692260742202,805.156127929688,-135.37496948242202,2984,3192.0,molotov,de_mirage,False
150,5375,49644,108244,7071827,T,-568.4730000000002,-618.931,-270.222,357.847351074219,-44.917781829834006,-192.127883911133,2808,3032.0,flashbang,de_mirage,True
308,644,44398,142122,6300565,T,1904.62,-279.145,258.031,1198.00268554688,-242.85954284668,256.03125,8439,8635.0,molotov,de_inferno,True
147,676,42327,33764,5998259,T,-698.825,-1224.59,-165.96900000000005,-455.125793457031,-549.76123046875,-271.66302490234403,3284,3468.0,molotov,de_mirage,True
240,676,42330,82412,5998786,CT,-499.526,-1044.01,202.861,246.942245483398,-177.271209716797,-165.466354370117,5638,5862.0,flashbang,de_mirage,True
249,5546,54179,182393,7701068,CT,1855.97,-255.22400000000002,258.031,2072.548828125,353.879089355469,160.03125,4237,4441.0,smoke,de_inferno,True
222,5596,55592,356057,7903626,T,356.845,2285.72,381.04900000000004,1130.00305175781,2799.80151367188,128.02282714843798,3217,3443.0,flashbang,de_inferno,True
129,5651,57059,282707,8108442,CT,1762.97,1511.67,162.031,1611.41564941406,1012.31762695312,171.03125,6628,6858.0,smoke,de_inferno,False
220,752,40419,99282,5711640,T,-945.451,-364.139,-243.26,-1157.18798828125,-778.140380859375,-167.96875,2457,2679.0,flashbang,de_mirage,False
23,5453,51791,43300,7375356,T,348.344,-1510.56,-191.137,-879.979858398438,-2263.99609375,-171.08805847168,2548,3012.0,smoke,de_mirage,True
141,5649,57007,395011,8101658,T,-1039.52,-351.83,-365.589,-639.0341796875,-899.089111328125,-234.420486450195,5420,5642.0,flashbang,de_mirage,True
6,4244,31291,390403,4360489,CT,-229.78099999999998,-505.952,-165.234,1422.908203125,70.96875,-112.90266418457001,1841,2539.0,smoke,de_mirage,True
37,5564,54656,125391,7771114,T,-1936.25,-221.838,-165.96900000000005,-2056.28442382812,426.95166015625,-159.96875,12312,12576.0,smoke,de_mirage,True
215,5651,57062,323907,8109007,CT,1183.32,538.444,113.62,1562.11364746094,1228.98425292969,162.904235839844,3688,3998.0,smoke,de_inferno,True
25,5596,55583,206904,7902233,T,1409.35,368.111,129.398,295.937377929688,644.000305175781,20.03125,4515,4983.0,smoke,de_inferno,True
111,5158,46311,159689,6573929,T,1441.12,215.234,131.84,1755.8264160156198,88.3583145141602,130.90954589843798,12107,12363.0,smoke,de_inferno,True
97,5742,59610,238873,8473894,T,-665.926,-1510.86,-29.3781,401.86328125,-1593.63806152344,-212.89671325683602,23594,23818.0,flashbang,de_mirage,False
246,5452,51778,276332,7373551,T,472.351,1959.34,196.972,307.510894775391,1623.9973144531198,122.01702880859399,8561,8785.0,flashbang,de_inferno,True
82,5452,51769,158792,7372233,T,1381.33,1032.7,156.036,1153.60009765625,435.057495117188,111.398483276367,7937,8197.0,smoke,de_inferno,False
129,5453,51802,191752,7376863,T,-1133.87,-1147.66,-165.96900000000005,-290.826263427734,-1790.134765625,-167.96875,9000,9200.0,molotov,de_mirage,False
286,752,40440,331797,5714732,CT,-1502.14,484.50300000000004,-165.96900000000005,494.629089355469,583.0294189453119,-123.99894714355499,5896,7192.0,smoke,de_mirage,True
121,5375,49665,396573,7074703,CT,-787.8839999999999,-188.628,-165.80700000000004,-1004.6405029296899,-93.36508178710942,-167.96875,17259,17467.0,smoke,de_mirage,True
199,5651,57062,323907,8109067,T,973.4689999999999,2711.51,129.828,610.65673828125,1948.2077636718798,131.393630981445,12098,12330.0,smoke,de_inferno,True
153,5488,52756,104552,7516165,CT,1299.51,-333.115,259.978,421.82229614257795,-107.93445587158199,67.89597320556639,3293,3517.0,flashbang,de_inferno,True
43,596,42745,58675,6063979,T,1167.8,509.962,110.76700000000001,1511.49255371094,1057.416015625,154.78483581543,3540,3824.0,smoke,de_inferno,True
187,5158,46311,159689,6573907,T,600.775,2138.2,143.726,105.993980407715,1154.92822265625,85.6790237426758,7528,7749.0,flashbang,de_inferno,True
63,5506,53101,181219,7559599,CT,-1195.66,-2476.29,-181.96900000000002,74.16363525390621,-1941.6208496093798,-167.96875,6771,7313.0,smoke,de_mirage,False
135,5798,61170,88536,8694642,CT,776.493,2209.55,135.916,-79.4486999511719,1330.03125,106.70886993408199,4635,4913.0,molotov,de_inferno,True
252,5375,49665,396573,7074682,T,-798.493,-639.4780000000002,-269.026,1422.5456542968802,34.8305854797363,-165.658248901367,12189,13049.0,smoke,de_mirage,False
110,676,42337,179545,5999725,CT,-450.105,-1617.65,-37.9688,1148.42517089844,-1183.98693847656,-205.572708129883,4904,5606.0,smoke,de_mirage,True
289,5596,55595,397002,7904053,CT,1275.88,590.275,129.531,1195.6787109375,264.403228759766,141.102035522461,9234,9458.0,flashbang,de_inferno,False
229,5648,56975,331353,8096900,CT,-1873.05,744.643,-35.0034,-2305.95532226562,460.2431640625,-167.96875,3994,4216.0,flashbang,de_mirage,True
20,5564,54672,308715,7773062,CT,-1221.63,-558.623,-165.96900000000005,440.1376953125,-674.806945800781,-159.96875,9788,10048.0,molotov,de_mirage,True
13,5452,51764,79414,7371388,CT,242.52599999999998,1793.22,123.73700000000001,827.0991821289059,2177.44409179688,142.03125,4699,4983.0,smoke,de_inferno,True
323,5648,56959,115032,8094638,CT,43.7389,-1680.43,-127.959,-879.9990234375,-2264.00756835938,-129.10403442382798,4588,4810.0,flashbang,de_mirage,False
109,5488,52767,259270,7517367,CT,287.543,1619.9,114.62899999999999,38.773628234863295,875.580200195312,68.6193313598633,2711,2875.0,smoke,de_inferno,True
166,5500,53073,50624,7555940,CT,2088.96,-444.19599999999997,466.108,1497.18408203125,-365.994567871094,256.03125,12344,12570.0,flashbang,de_inferno,True
18,5375,49644,108244,7071823,CT,64.8982,-1099.33,368.719,-885.0075073242191,-2332.01440429688,-167.96875,2578,2804.0,flashbang,de_mirage,False
50,5454,51831,198874,7381059,CT,-719.1260000000003,-409.07,-168.111,-755.829223632812,292.96875,-163.48747253418,3689,4133.0,smoke,de_mirage,True
74,766,40468,231253,5719383,T,-632.953,-1034.72,-213.96900000000002,-558.8792724609381,-750.87158203125,-260.67852783203097,11936,12144.0,smoke,de_mirage,True
49,5375,49656,259569,7073409,T,-474.52099999999996,-360.642,198.102,638.73095703125,629.607971191406,-133.658248901367,3208,3434.0,flashbang,de_mirage,False
2,5596,55589,305379,7903151,T,1447.97,896.635,144.474,-279.96875,-268.96875,29.1819629669189,3193,3871.0,smoke,de_inferno,True
47,5375,49658,291818,7073799,T,-1218.12,-1238.93,-151.592,-1023.5206298828101,-1418.24267578125,-168.29557800293,15248,15474.0,flashbang,de_mirage,True
363,643,42231,544400,5981251,CT,-1388.0,-986.334,-165.96900000000005,-1228.76867675781,-1243.10339355469,-167.96875,8037,8137.0,molotov,de_mirage,True
100,5648,56974,309626,8096748,CT,-1143.01,-628.11,-165.96900000000005,1388.4230957031198,26.6586608886719,-165.633834838867,16092,16924.0,smoke,de_mirage,True
237,5452,51769,158792,7372181,T,1216.23,480.88199999999995,115.486,1414.2048339843802,51.6347427368164,128.03125,3461,3673.0,smoke,de_inferno,True
0,5158,46311,159689,6573932,CT,448.495,3380.3,222.468,864.899658203125,2389.01025390625,144.062393188477,13344,13566.0,flashbang,de_inferno,True
24,5488,52762,175019,7516882,T,2650.34,-49.9462,432.25800000000004,1832.36901855469,335.463500976562,160.03125,14643,14865.0,flashbang,de_inferno,True
283,5158,46319,281030,6575461,T,1884.0,-283.747,258.031,2091.75634765625,-278.703338623047,256.029144287109,10699,10930.0,smoke,de_inferno,True
131,5506,53101,181219,7559541,T,-230.06799999999998,-506.649,-165.141,1422.91357421875,70.96875,-112.90266418457001,1781,2479.0,smoke,de_mirage,True
168,596,42745,58675,6063984,T,760.2860000000003,2247.07,137.972,557.025085449219,2611.92431640625,160.03125,4262,4494.0,smoke,de_inferno,True
288,645,42494,370398,6024241,T,819.573,633.9580000000002,89.537,875.6356811523441,-400.764282226562,100.15655517578101,13343,13603.0,smoke,de_inferno,True
179,5375,49644,108244,7071899,T,-1874.76,388.374,502.6,-334.17803955078097,623.6937255859381,-81.35411071777341,4554,4780.0,flashbang,de_mirage,True
24,5453,51795,100763,7375897,T,-2205.66,178.662,31.2593,-1540.49743652344,741.4035034179691,-47.96875,6152,6292.0,molotov,de_mirage,True
308,5453,51801,182943,7376630,CT,-920.544,515.976,-80.5922,-1710.99987792969,-1208.03125,-246.128005981445,2564,3760.0,smoke,de_mirage,True
361,5375,49651,198647,7072780,T,5.40338,-1696.76,-164.8,-879.8695678710941,-2263.95190429688,-171.102981567383,5340,5562.0,flashbang,de_mirage,True
322,5648,56971,263802,8096314,T,-1141.96,-639.4119999999998,-165.96900000000005,1379.7736816406198,-106.127960205078,-159.487213134766,6009,6815.0,smoke,de_mirage,True
122,676,42330,82412,5998804,CT,-675.8389999999997,-1742.13,85.1028,-920.8068237304692,-2579.32373046875,-167.96875,9478,9700.0,flashbang,de_mirage,True
19,596,42757,199026,6066313,CT,1411.55,-119.802,132.005,1589.64636230469,-91.3864974975586,130.933212280273,7603,7885.0,smoke,de_inferno,False
106,643,42205,207114,5976897,CT,191.47799999999998,-110.596,-168.734,356.521636962891,180.523345947266,-256.839691162109,2237,2307.0,molotov,de_mirage,False
28,5614,56023,43327,7966908,T,350.04900000000015,1749.2,223.583,841.9796752929691,2395.95678710938,142.032302856445,3155,3377.0,flashbang,de_inferno,True
141,5488,52762,175019,7516805,CT,486.349,1950.25,212.50599999999997,68.0052108764648,1042.09851074219,82.3919372558594,2813,3035.0,flashbang,de_inferno,True
197,5452,51778,276332,7373595,T,1288.62,499.57599999999996,141.977,797.2390747070309,240.43005371093798,90.2346343994141,9485,9709.0,flashbang,de_inferno,True
95,5375,49646,128998,7072059,CT,27.4992,-2319.03,-37.9688,-951.9695434570308,-1437.51574707031,-167.96875,3864,4228.0,smoke,de_mirage,True
227,5448,51678,253901,7359576,T,175.015,-1480.88,169.167,841.2149047851559,-1036.03125,-251.96875,9153,9377.0,flashbang,de_mirage,True
115,676,42337,179545,5999722,CT,-1466.79,724.694,-45.9883,-2329.03295898438,769.922485351562,-126.487030029297,4580,4838.0,smoke,de_mirage,True
76,5452,51782,338199,7374205,CT,1973.21,887.558,614.015,2333.80444335938,2297.67041015625,136.980285644531,9012,9232.0,flashbang,de_inferno,False
31,5546,54179,182393,7701153,T,1526.97,322.69,137.351,2509.74365234375,-273.42071533203097,84.4648818969727,7775,8169.0,smoke,de_inferno,True
159,5158,46311,159689,6573906,T,1253.15,304.469,130.018,1698.91613769531,-37.9998893737793,130.16116333007798,6628,6834.0,smoke,de_inferno,True
92,5452,51785,373154,7374492,CT,411.215,2464.43,162.031,74.9761123657227,2616.90698242188,283.909759521484,11351,11659.0,smoke,de_inferno,False
119,766,40468,231253,5719304,CT,-1508.59,734.882,-45.9688,-1884.15441894531,-106.802688598633,-167.96875,3008,3346.0,smoke,de_mirage,True
305,5452,51766,113535,7371708,T,361.12300000000016,1738.4,270.772,601.289367675781,2066.18676757812,132.776321411133,9020,9244.0,flashbang,de_inferno,True
168,752,40419,99282,5711659,T,0.790626,-1716.97,-89.8493,-973.908447265625,-2565.05126953125,-167.96875,6223,6447.0,flashbang,de_mirage,True
214,5506,53112,331281,7560989,CT,-237.23,-506.006,-164.74599999999995,1422.96765136719,70.9975967407227,-112.90266418457001,1956,2682.0,smoke,de_mirage,True
210,5452,51778,276332,7373483,CT,137.829,1229.38,479.713,-18.6987838745117,813.7600708007809,60.36792373657229,4853,5077.0,flashbang,de_inferno,True
321,5648,56975,331353,8096902,T,-1084.45,682.291,-53.9285,-1119.39538574219,542.581359863281,-79.96875,4710,4932.0,flashbang,de_mirage,True
78,5375,49660,330540,7073968,CT,-241.115,-497.837,-165.334,1422.96875,70.9911422729492,-112.90266418457001,6226,6930.0,smoke,de_mirage,True
62,788,42597,71501,6039504,T,690.888,2107.81,327.066,535.999755859375,3100.07250976562,206.03125,11531,11753.0,flashbang,de_inferno,True
53,5452,51778,276332,7373548,T,1108.06,738.836,660.795,874.8399047851559,206.061462402344,184.28150939941398,8481,8705.0,flashbang,de_inferno,True
367,5506,53093,54421,7558430,CT,-696.054,-1541.94,59.486000000000004,-918.0498657226559,-2595.17163085938,-167.96875,11433,11657.0,flashbang,de_mirage,True
213,5546,54180,196348,7701196,T,382.25300000000004,1924.92,130.031,64.3514785766602,893.6094360351559,72.9198303222656,2971,3123.0,molotov,de_inferno,True
267,596,42751,142093,6065216,CT,843.305,2280.99,141.539,203.44969177246102,1580.1474609375,113.03125,4790,5020.0,molotov,de_inferno,True
102,5564,54649,34232,7770347,CT,32.9746,-2293.62,-37.9688,142.878509521484,-1979.880859375,-88.52642822265621,3340,3548.0,smoke,de_mirage,True
272,5648,56964,177405,8095383,CT,-1127.24,-617.497,-165.96900000000005,437.070220947266,-628.22216796875,-159.96875,11042,11406.0,smoke,de_mirage,True
118,5488,52762,175019,7516826,T,1755.98,-30.3258,238.857,2244.0283203125,789.352172851562,152.14108276367202,9449,9671.0,flashbang,de_inferno,True
131,5668,57518,39468,8171804,T,1422.26,-325.238,258.031,1184.28088378906,-487.44583129882795,205.74035644531202,6776,6984.0,smoke,de_inferno,True
286,5798,61173,132850,8695171,CT,2075.01,-452.065,484.036,1494.69201660156,-365.995239257812,256.03125,8159,8383.0,flashbang,de_inferno,True
40,5596,55593,372947,7903780,CT,147.38299999999995,1452.7,107.67200000000001,342.090179443359,1684.677734375,122.03125,3567,3799.0,smoke,de_inferno,False
186,5614,56023,43327,7966962,CT,1635.57,1061.27,489.249,1031.55419921875,434.000183105469,98.8084564208984,14313,14539.0,flashbang,de_inferno,True
300,5649,57007,395011,8101654,CT,-1180.48,699.5260000000003,-65.5309,-783.580200195312,623.96875,-75.96875,4652,4874.0,flashbang,de_mirage,True
332,5452,51764,79414,7371335,T,633.922,2021.12,129.969,-656.03125,495.96875,-21.6582546234131,2727,3331.0,smoke,de_inferno,True
162,5648,56975,331353,8097027,T,780.0189999999999,-1419.81,44.448,743.62109375,-1206.07971191406,-261.693817138672,11064,11286.0,flashbang,de_mirage,False
316,5648,56964,177405,8095422,CT,-2370.2,235.518,-165.96900000000005,-2271.2353515625,-547.7935791015619,-167.96875,17052,17312.0,smoke,de_mirage,False
149,5452,51785,373154,7374477,T,1193.31,504.13599999999997,113.292,1551.74670410156,1178.72351074219,161.351608276367,3768,4000.0,smoke,de_inferno,True
139,5564,54666,233917,7772269,T,116.54299999999999,-1590.29,107.635,1337.11315917969,-924.1478881835941,-167.96875,2556,2784.0,flashbang,de_mirage,True
109,5506,53096,112086,7558849,T,-204.52200000000002,-487.077,-165.96900000000005,1422.86950683594,-248.03125,-167.96875,1751,2475.0,smoke,de_mirage,True
257,5375,49646,128998,7072038,CT,-213.549,-498.93300000000005,-165.96900000000005,1422.96875,-248.019836425781,-167.96875,2060,2788.0,smoke,de_mirage,True
90,5596,55577,114459,7901384,CT,143.347,1118.33,86.6441,716.710815429688,2180.89306640625,136.40402221679702,4138,4502.0,smoke,de_inferno,True
173,5375,49658,291818,7073694,T,-780.428,-850.194,370.79400000000004,-291.2060546875,-2189.85693359375,-164.21145629882798,3902,4126.0,flashbang,de_mirage,True
238,5375,49651,198647,7072770,T,-712.284,-849.438,-176.145,321.642211914062,-379.53561401367205,-168.133529663086,4144,4370.0,flashbang,de_mirage,True
194,5559,54532,112406,7753141,CT,198.926,495.44699999999995,70.1574,20.1623973846436,840.5640258789059,67.9051971435547,7116,7392.0,molotov,de_inferno,False
54,5649,56993,187085,8099456,CT,-655.113,-1287.19,-165.96900000000005,-537.928955078125,-2305.2373046875,-172.132125854492,16510,16844.0,smoke,de_mirage,True
202,5488,52762,175019,7516800,T,454.54699999999997,1860.37,451.79,84.5906295776367,952.0810546875,80.6918182373047,2629,2851.0,flashbang,de_inferno,True
10,5158,46316,240989,6574849,T,282.949,1806.62,126.56299999999999,51.769813537597706,848.8556518554691,69.65310668945311,2748,2889.0,molotov,de_inferno,True
347,5453,51802,191752,7376870,T,-1287.48,-1330.46,-170.389,-497.431549072266,-1408.83361816406,-101.693069458008,9084,9248.0,molotov,de_mirage,False
39,5158,46320,294808,6575672,T,1063.53,2685.95,129.94799999999998,397.3203125,3077.92016601562,160.03125,8466,8724.0,smoke,de_inferno,True
226,5452,51766,113535,7371664,CT,747.424,2945.61,190.28799999999998,633.2283935546881,1974.1328125,130.746566772461,6152,6376.0,flashbang,de_inferno,False
124,5375,49664,387684,7074517,CT,-720.309,-584.653,-271.256,-1044.68408203125,-180.225860595703,-367.96875,3772,4186.0,smoke,de_mirage,True
66,5648,56975,331353,8096922,CT,107.682,-1418.22,111.738,867.078491210938,-1036.00329589844,-251.96875,6074,6298.0,flashbang,de_mirage,True
59,4244,31291,390403,4360503,T,-600.979,-883.38,-253.995,-707.607177734375,-1438.89538574219,-167.96875,2567,2955.0,smoke,de_mirage,True
53,5375,49651,198647,7072794,CT,251.109,-1547.77,-162.664,-677.996520996094,-2204.650390625,-179.96875,8030,8252.0,flashbang,de_mirage,True
245,5452,51785,373154,7374467,T,624.312,2017.99,131.736,-656.03125,495.98974609375,-15.019737243652301,2884,3504.0,smoke,de_inferno,True
344,5559,54534,140023,7753504,CT,-154.012,1218.52,557.8290000000002,-596.732604980469,794.96875,-19.3165817260742,3704,3928.0,flashbang,de_inferno,True
324,5596,55571,39015,7900488,CT,225.045,1481.15,109.072,113.374038696289,951.581298828125,76.9419250488281,3665,3875.0,smoke,de_inferno,True
275,5500,53081,156306,7556924,CT,813.711,550.102,89.1657,1433.5275878906198,689.3755493164059,136.336532592773,3815,4075.0,smoke,de_inferno,True
96,5506,53093,54421,7558321,T,-158.945,-936.683,-164.938,-799.2528686523441,-667.318176269531,-270.072143554688,2523,2745.0,flashbang,de_mirage,True
205,5488,52756,104552,7516221,T,1502.52,134.82,178.351,2446.00244140625,-225.000091552734,87.03125,6441,6663.0,flashbang,de_inferno,True
234,5453,51790,28661,7375242,T,-824.8439999999997,130.744,-170.989,-833.8757934570309,-788.607788085938,-221.96875,6584,6776.0,molotov,de_mirage,True
301,645,42497,413555,6024590,CT,1195.24,486.665,113.306,1501.72058105469,1054.84619140625,154.727188110352,3563,3797.0,smoke,de_inferno,True
269,5742,59610,238873,8473947,T,-1483.7,-2336.24,369.476,-1610.22717285156,-759.5286254882809,-167.96875,24566,24788.0,flashbang,de_mirage,True
193,766,40472,276467,5719827,CT,514.194,-561.321,57.2429,327.270294189453,51.95320892333979,-217.063919067383,2386,2608.0,flashbang,de_mirage,True
254,5668,57538,345412,8174822,T,997.488,2651.35,130.02,720.6275024414059,2216.29565429688,137.041320800781,6979,7201.0,flashbang,de_inferno,True
173,5596,55592,356057,7903620,T,1208.43,439.77,224.87099999999998,-228.48097229003898,825.352416992188,18.8593807220459,2887,3111.0,flashbang,de_inferno,True
263,5648,56958,102693,8094479,CT,53.6576,-1751.69,235.58,923.9901733398441,-1043.27380371094,-260.703155517578,6618,6840.0,flashbang,de_mirage,True
182,5452,51778,276332,7373444,CT,-123.38,1463.45,541.715,-668.03125,600.0350341796881,-13.0316944122314,3185,3409.0,flashbang,de_inferno,True
317,5651,57062,323907,8109054,T,997.085,2747.9,128.97,371.733032226562,1687.70300292969,122.03125,7406,8054.0,smoke,de_inferno,True
337,5564,54656,125391,7771113,CT,-2015.61,-480.332,-165.96900000000005,-2551.52880859375,308.94647216796903,-167.96875,11688,11908.0,molotov,de_mirage,True
279,766,40472,276467,5719933,T,401.699,611.331,-55.0743,220.988433837891,8.64029121398926,-201.620315551758,5338,5560.0,flashbang,de_mirage,False
35,643,42187,12283,5974266,T,-1944.15,-343.76300000000015,-165.96900000000005,-160.03125,887.993408203125,-133.018112182617,3523,4561.0,smoke,de_mirage,True
65,5559,54532,112406,7753135,T,384.67400000000004,1955.33,130.031,101.339065551758,788.692138671875,74.3815536499023,7056,7320.0,molotov,de_inferno,True
71,5158,46311,159689,6574019,CT,624.7090000000002,2926.04,697.262,1016.4207763671899,3400.36791992188,128.03125,16289,16511.0,flashbang,de_inferno,True
299,5596,55592,356057,7903740,CT,2336.13,-127.74600000000001,223.765,2466.76098632812,-185.732986450195,87.03125,14003,14227.0,flashbang,de_inferno,True
161,788,42597,71501,6039402,T,346.68,2004.46,130.645,729.4437866210941,2112.39526367188,136.10710144043,2785,3009.0,flashbang,de_inferno,True
225,5596,55595,397002,7904067,T,2273.2,-301.922,244.202,1391.38781738281,207.104843139648,127.887710571289,10750,10976.0,flashbang,de_inferno,True
232,644,44399,154745,6300837,CT,2359.36,1011.29,160.951,1957.20739746094,23.8374462127686,122.474563598633,8136,8470.0,smoke,de_inferno,False
346,5596,55577,114459,7901388,CT,1409.58,365.032,129.29,295.998199462891,644.007263183594,20.03125,4960,5426.0,smoke,de_inferno,True
72,5564,54654,101375,7770850,T,-1150.08,-678.707,-165.96900000000005,1422.47399902344,34.8305816650391,-165.658248901367,2424,3308.0,smoke,de_mirage,False
214,5500,53073,50624,7555865,CT,1251.38,549.191,117.838,1462.1472167968802,797.9368286132809,139.820404052734,4460,4520.0,smoke,de_inferno,True
357,5448,51680,284252,7359787,T,-597.448,-853.502,-261.969,-733.42333984375,-1806.3381347656202,-179.96875,3419,3679.0,smoke,de_mirage,True
293,651,42557,311238,6034234,CT,-514.312,-1511.21,36.181999999999995,-622.3880615234381,-2291.66577148438,-177.082244873047,9492,9716.0,flashbang,de_mirage,False
266,5647,56949,470570,8093082,CT,168.09400000000005,858.932,82.1975,610.556396484375,2118.03735351562,135.583068847656,5281,5643.0,smoke,de_inferno,False
251,5452,51766,113535,7371707,T,426.38599999999997,3413.39,162.031,604.898010253906,2444.00268554688,291.03125,8816,9180.0,smoke,de_inferno,False
127,651,42538,91375,6031213,CT,105.35,-1415.59,104.64299999999999,868.902099609375,-1036.00085449219,-251.96875,3771,3993.0,flashbang,de_mirage,True
151,5649,56983,20865,8098194,T,-633.7130000000002,-1360.75,-165.96900000000005,-535.7576904296881,-2365.36108398438,-167.96875,10082,10416.0,smoke,de_mirage,True
162,5452,51766,113535,7371658,T,956.587,2714.84,129.889,686.695739746094,1877.6447753906202,212.023742675781,5452,5736.0,smoke,de_inferno,True
62,5564,54649,34232,7770374,T,-791.8969999999997,-234.56,-164.709,-1099.96276855469,-203.295989990234,-59.96875,6348,6612.0,smoke,de_mirage,True
116,676,42337,179545,5999723,CT,-913.1210000000001,-2411.58,-165.96900000000005,1258.28002929688,-871.96875,-139.396575927734,4804,5634.0,smoke,de_mirage,True
282,5375,49665,396573,7074681,CT,74.4933,-2289.42,-37.9688,127.389106750488,-2039.98876953125,-37.96875,12077,12287.0,smoke,de_mirage,True
196,5158,46319,281030,6575526,CT,2243.74,289.76,130.372,2088.33056640625,84.3839416503906,130.628158569336,12400,12658.0,smoke,de_inferno,True
106,5452,51762,61398,7371017,T,188.12599999999998,1082.77,97.7485,808.743530273438,2299.83325195312,137.105087280273,3053,3441.0,smoke,de_inferno,True
37,5527,53685,154895,7633475,CT,765.961,2346.18,136.98,630.532531738281,1997.78405761719,130.355178833008,14848,15134.0,smoke,de_inferno,False
71,5453,51791,43300,7375367,T,-1005.75,-1524.01,-165.39,1239.99975585938,-1023.99200439453,-252.186370849609,3328,4184.0,smoke,de_mirage,False
285,5506,53099,158037,7559322,CT,-1110.52,143.10399999999996,-170.43599999999995,-1316.05432128906,506.303070068359,-164.14816284179702,5711,5915.0,smoke,de_mirage,True
97,5559,54532,112406,7753080,T,1204.32,43.5324,258.031,-438.605590820312,-174.1279296875,11.844911575317399,2932,3192.0,molotov,de_inferno,True
74,5452,51779,297123,7373748,T,324.585,1860.63,128.528,464.990142822266,2661.98022460938,162.341751098633,6964,7484.0,smoke,de_inferno,True
46,5375,49660,330540,7073975,T,237.449,-1544.2,-173.96900000000005,-877.8928833007809,-2262.9814453125,-171.31233215332,7046,7464.0,smoke,de_mirage,True
4,788,42597,71501,6039404,T,313.638,2291.22,396.449,1166.62463378906,2799.95068359375,127.64159393310499,2873,3095.0,flashbang,de_inferno,True
366,5648,56958,102693,8094546,CT,-756.819,-2198.98,-159.19299999999996,-593.1580810546881,-1179.779296875,-167.96875,9318,9540.0,flashbang,de_mirage,False
49,5158,46307,90876,6573221,T,406.23800000000006,2025.75,167.549,31.6393394470215,842.118530273438,67.821174621582,2679,2901.0,flashbang,de_inferno,True
